{
	"pattrstorage" : 	{
		"name" : "meyer-bfg-sequencer",
		"slots" : 		{
			"1" : 			{
				"id" : 1,
				"data" : 				{
					"bfg-basis" : [ "basis", "noise.cell" ],
					"bfg-offset" : [ 33 ],
					"bfg-scale" : [ 8.0 ],
					"bpm" : [ "tempo", 60.0 ],
					"gate-thresh" : [ 0.5 ],
					"pitches" : [ -0.278350515463918, -0.278350515463918, -0.175257731958763, 0.319587628865979, -0.072164948453608, 1.0, 1.0, 0.402061855670103 ],
					"scan-ratio-y" : [ 0.9 ],
					"scan-ratio-z" : [ 1.1 ]
				}

			}

		}

	}

}
